patient_id,age,sex,bmi,systolic_bp,smoker,diabetes,cholesterol,heart_rate,clinical_risk,medication,visit_date,lab_code,constant_var
P011,41,F,23.7,116,No,No,182,68,Low,None,2026-01-12,LAB-00011,1
P012,58,M,28.9,139,Yes,No,214,74,Moderate,Statin,2026-01-13,LAB-00012,1
P013,73,F,32.4,158,No,Yes,247,81,High,Metformin,2026-01-14,LAB-00013,1
P014,36,M,21.6,124,No,No,176,63,Low,None,2026-01-15,LAB-00014,1
P015,49,F,,133,No,Yes,231,77,Moderate,Metformin,2026-01-16,LAB-00015,1
P016,65,M,30.1,149,Yes,Yes,265,88,High,Statin,2026-01-17,LAB-00016,1
P017,27,F,20.3,108,No,No,165,59,Low,None,2026-01-18,LAB-00017,1
P018,54,M,26.7,137,Former,No,203,72,Moderate,ACEI,2026-01-19,LAB-00018,1
P019,88,F,34.8,171,No,Yes,289,91,High,Metformin,2026-01-20,LAB-00019,1
P020,44,M,24.9,122,No,No,191,67,Low,None,2026-01-21,LAB-00020,1
P021,62,F,29.7,146,Yes,No,238,79,Moderate,Statin,2026-01-22,LAB-00021,1
P022,51,M,27.3,134,No,No,219,71,Moderate,ACEI,2026-01-23,LAB-00022,1
P023,39,F,22.1,114,No,No,158,64,Low,None,2026-01-24,LAB-00023,1
P024,76,M,31.9,162,Yes,Yes,272,86,High,Metformin,2026-01-25,LAB-00024,1
P025,47,F,26.4,129,No,No,,70,Moderate,None,2026-01-26,LAB-00025,1
P026,69,M,28.6,153,Former,Yes,251,83,High,Statin,2026-01-27,LAB-00026,1
P027,33,F,19.1,105,No,No,149,58,Low,None,2026-01-28,LAB-00027,1
P028,57,M,33.7,142,Yes,Yes,260,80,High,Metformin,2026-01-29,LAB-00028,1
P029,42,F,24.6,119,No,No,187,66,Low,None,2026-01-30,LAB-00029,1
P030,61,M,27.8,147,No,No,226,75,Moderate,ACEI,2026-01-31,LAB-00030,1
P031,52,F,31.5,136,No,Yes,243,78,Moderate,Metformin,2026-02-01,LAB-00031,1
P032,46,M,23.8,121,No,No,174,62,Low,None,2026-02-02,LAB-00032,1
P033,79,F,36.2,184,Yes,Yes,301,94,High,Statin,2026-02-03,LAB-00033,1
P034,25,M,18.4,99,No,No,142,55,Low,None,2026-02-04,LAB-00034,1
P035,68,F,29.2,155,No,Yes,258,82,High,Metformin,2026-02-05,LAB-00035,1
P036,55,M,25.7,131,No,No,207,69,Moderate,ACEI,2026-02-06,LAB-00036,1
P037,38,F,21.9,117,No,No,169,61,Low,None,2026-02-07,LAB-00037,1
P038,59,M,30.8,148,Yes,No,235,76,Moderate,Statin,2026-02-08,LAB-00038,1
P039,71,F,33.1,159,Former,Yes,278,85,High,Metformin,2026-02-09,LAB-00039,1
P040,48,M,26.2,126,No,No,198,65,Low,None,2026-02-10,LAB-00040,1
P041,64,F,28.5,144,No,Yes,249,73,Moderate,Metformin,2026-02-11,LAB-00041,1
P042,31,M,22.7,112,No,No,155,60,Low,None,2026-02-12,LAB-00042,1
P043,83,F,37.4,188,Yes,Yes,315,97,High,Statin,2026-02-13,LAB-00043,1
P044,53,M,27.1,135,No,No,211,70,Moderate,ACEI,2026-02-14,LAB-00044,1
P045,43,F,23.5,120,No,No,181,67,Low,None,2026-02-15,LAB-00045,1
P046,60,M,29.9,152,Yes,Yes,267,84,High,Metformin,2026-02-16,LAB-00046,1
P047,37,F,21.3,111,No,No,162,57,Low,None,2026-02-17,LAB-00047,1
P048,56,M,34.5,141,Former,No,229,78,Moderate,Statin,2026-02-18,LAB-00048,1
P049,70,F,30.6,157,No,Yes,255,89,High,Metformin,2026-02-19,LAB-00049,1
P050,50,M,25.4,128,No,No,196,68,Moderate,None,2026-02-20,LAB-00050,1
P051,45,F,24.1,123,No,No,185,64,Low,None,2026-02-21,LAB-00051,1
P052,66,M,32.8,150,Yes,Yes,274,87,High,Statin,2026-02-22,LAB-00052,1
P053,29,F,20.7,107,No,No,151,56,Low,None,2026-02-23,LAB-00053,1
P054,74,M,28.3,161,Former,Yes,263,90,High,Metformin,2026-02-24,LAB-00054,1
P055,40,F,22.8,115,No,No,173,62,Low,None,2026-02-25,LAB-00055,1
P056,58,M,27.6,138,No,No,218,71,Moderate,ACEI,2026-02-26,LAB-00056,1
P057,35,F,23.2,118,No,No,179,65,Low,None,2026-02-27,LAB-00057,1
P058,63,M,30.4,146,Yes,Yes,252,82,High,Metformin,2026-02-28,LAB-00058,1
P059,47,F,26.1,130,No,No,201,69,Moderate,None,2026-03-01,LAB-00059,1
P060,91,M,39.8,210,Yes,Yes,326,103,High,Statin,2026-03-02,LAB-00060,1
